archivo,run,norm,metric,qe,dba,diffusion,mAP,num_queries
paris_mejor_pipeline_comparison.csv,paris_mejor_pipeline,none,cosine,0,5,100,0.8119,55
paris_r_dba5dif100_comparison.csv,paris_r_dba5dif100,none,cosine,0,5,100,0.8116,55
paris_r_dif50_comparison.csv,paris_r_dif50,none,cosine,0,0,50,0.8105,55
oxford_paris_juntos_comparison.csv,oxford_paris_juntos,none,cosine,0,5,100,0.7586,110
r4_seeds5_comparison.csv,r4_seeds5,none,cosine,0,5,100,0.7053,55
r4_seeds5_qual_comparison.csv,r4_seeds5_qual,none,cosine,0,5,100,0.7053,55
r4_dif150_comparison.csv,r4_dif150,none,cosine,0,5,150,0.696,55
r3_dif100_a0.9_comparison.csv,r3_dif100_a0.9,none,cosine,0,5,100,0.696,55
r4_dif200_comparison.csv,r4_dif200,none,cosine,0,5,200,0.6949,55
r3_dif100_a0.95_comparison.csv,r3_dif100_a0.95,none,cosine,0,5,100,0.6936,55
r3_dif50_a0.9_comparison.csv,r3_dif50_a0.9,none,cosine,0,5,50,0.6826,55
r3_dif50_a0.95_comparison.csv,r3_dif50_a0.95,none,cosine,0,5,50,0.6824,55
r2_dba3dif50_comparison.csv,r2_dba3dif50,none,cosine,0,3,50,0.6817,55
r4_seeds20_comparison.csv,r4_seeds20,none,cosine,0,5,100,0.6801,55
r2_dif50_comparison.csv,r2_dif50,none,cosine,0,0,50,0.678,55
r3_dif20_a0.95_comparison.csv,r3_dif20_a0.95,none,cosine,0,5,20,0.6632,55
r3_dif20_a0.9_comparison.csv,r3_dif20_a0.9,none,cosine,0,5,20,0.6631,55
r3_dif50_a0.99_comparison.csv,r3_dif50_a0.99,none,cosine,0,5,50,0.6547,55
r3_dif100_a0.99_comparison.csv,r3_dif100_a0.99,none,cosine,0,5,100,0.6492,55
r3_dif20_a0.99_comparison.csv,r3_dif20_a0.99,none,cosine,0,5,20,0.6419,55
paris_r_dba3qe10_comparison.csv,paris_r_dba3qe10,none,cosine,10,3,0,0.6278,55
paris_r_dba5_comparison.csv,paris_r_dba5,none,cosine,0,5,0,0.6125,55
r2_dba3qe10_comparison.csv,r2_dba3qe10,none,cosine,10,3,0,0.5945,55
r2_dba5_comparison.csv,r2_dba5,none,cosine,0,5,0,0.5817,55
paris_r_qe10_comparison.csv,paris_r_qe10,none,cosine,10,0,0,0.5813,55
r2_dba3_comparison.csv,r2_dba3,none,cosine,0,3,0,0.5694,55
r2_qe10_comparison.csv,r2_qe10,none,cosine,10,0,0,0.5545,55
paris_vlad_base_comparison.csv,paris_vlad_base,none,cosine,0,0,0,0.5514,55
vlad_k256_pca512_comparison.csv,vlad_k256_pca512,l2,cosine,0,0,0,0.5398,110
vlad_qual_comparison.csv,vlad_qual,none,cosine,0,0,0,0.5282,55
r2_base_comparison.csv,r2_base,none,cosine,0,0,0,0.5282,55
vlad_k128_pca512_comparison.csv,vlad_k128_pca512,none,cosine,0,0,0,0.4944,55
vlad_k256_aqe10_comparison.csv,vlad_k256_aqe10,none,cosine,10,0,0,0.494,55
vlad_k128_pca256_comparison.csv,vlad_k128_pca256,none,cosine,0,0,0,0.4891,55
vlad_k128_pca128_comparison.csv,vlad_k128_pca128,none,cosine,0,0,0,0.4724,55
vlad_k256_qe10_comparison.csv,vlad_k256_qe10,none,cosine,10,0,0,0.4712,55
vlad_k256_qe20_comparison.csv,vlad_k256_qe20,none,cosine,20,0,0,0.4699,55
vlad_k256_qe5_comparison.csv,vlad_k256_qe5,none,cosine,5,0,0,0.4695,55
vlad_k256_qe50_comparison.csv,vlad_k256_qe50,none,cosine,50,0,0,0.4683,55
vlad_k256_comparison.csv,vlad_k256,none,cosine,0,0,0,0.4676,55
paris_vlad_k256_comparison.csv,paris_vlad_k256,none,cosine,0,0,0,0.4669,55
r2_noq_comparison.csv,r2_noq,none,cosine,0,0,0,0.4609,55
r3_k128w5_comparison.csv,r3_k128w5,none,cosine,0,0,0,0.4369,55
paris_vlad_k128_comparison.csv,paris_vlad_k128,none,cosine,0,0,0,0.4362,55
vlad_best_comparison.csv,vlad_best,none,cosine,10,0,0,0.4352,55
vlad_k128_qe10_comparison.csv,vlad_k128_qe10,none,cosine,10,0,0,0.4352,55
vlad_k128_qe20_comparison.csv,vlad_k128_qe20,none,cosine,20,0,0,0.4338,55
vlad_k128_qe5_comparison.csv,vlad_k128_qe5,none,cosine,5,0,0,0.4336,55
vlad_k128_comparison.csv,vlad_k128,none,cosine,0,0,0,0.4296,55
paris_vlad_abl_power_comparison.csv,paris_vlad_abl_power,none,cosine,0,0,0,0.4244,55
vlad_k128_aqe10_comparison.csv,vlad_k128_aqe10,none,cosine,10,0,0,0.4239,55
vlad_k128_qe50_comparison.csv,vlad_k128_qe50,none,cosine,50,0,0,0.4231,55
paris_vlad_abl_norootsift_comparison.csv,paris_vlad_abl_norootsift,none,cosine,0,0,0,0.4214,55
paris_vlad_abl_nointra_comparison.csv,paris_vlad_abl_nointra,none,cosine,0,0,0,0.4156,55
paris_vlad_abl_intra_mass_comparison.csv,paris_vlad_abl_intra_mass,none,cosine,0,0,0,0.4131,55
paris_vlad_k64_comparison.csv,paris_vlad_k64,none,cosine,0,0,0,0.4131,55
vlad_abl_norootsift_comparison.csv,vlad_abl_norootsift,none,cosine,0,0,0,0.4061,55
vlad_k64_qe5_comparison.csv,vlad_k64_qe5,none,cosine,5,0,0,0.4034,55
vlad_k64_qe10_comparison.csv,vlad_k64_qe10,none,cosine,10,0,0,0.4026,55
vlad_k64_comparison.csv,vlad_k64,none,cosine,0,0,0,0.3957,55
vlad_abl_intra_comparison.csv,vlad_abl_intra,none,cosine,0,0,0,0.3957,55
vlad_abl_intra_mass_comparison.csv,vlad_abl_intra_mass,none,cosine,0,0,0,0.3957,55
vlad_abl_power_comparison.csv,vlad_abl_power,none,cosine,0,0,0,0.3956,55
vlad_k64_qe20_comparison.csv,vlad_k64_qe20,none,cosine,20,0,0,0.3938,55
paris_vlad_k32_comparison.csv,paris_vlad_k32,none,cosine,0,0,0,0.3851,55
vlad_k64_aqe10_comparison.csv,vlad_k64_aqe10,none,cosine,10,0,0,0.3808,55
vlad_abl_nointra_comparison.csv,vlad_abl_nointra,none,cosine,0,0,0,0.3714,55
vlad_k32_qe5_comparison.csv,vlad_k32_qe5,none,cosine,5,0,0,0.3711,55
vlad_smoke_comparison.csv,vlad_smoke,none,cosine,0,0,0,0.3694,55
vlad_k32_qe10_comparison.csv,vlad_k32_qe10,none,cosine,10,0,0,0.3669,55
paris_bovw_k4096_comparison.csv,paris_bovw_k4096,none,cosine,0,0,0,0.3641,55
vlad_k32_comparison.csv,vlad_k32,none,cosine,0,0,0,0.3636,55
vlad_k64_qe50_comparison.csv,vlad_k64_qe50,none,cosine,50,0,0,0.3619,55
vlad_k32_qe20_comparison.csv,vlad_k32_qe20,none,cosine,20,0,0,0.3499,55
paris_bovw_k2048_comparison.csv,paris_bovw_k2048,none,cosine,0,0,0,0.3472,55
vlad_k32_aqe10_comparison.csv,vlad_k32_aqe10,none,cosine,10,0,0,0.3354,55
bovw_k4096_comparison.csv,bovw_k4096,none,cosine,0,0,0,0.3136,55
bovw_k4096_best_comparison.csv,bovw_k4096_best,l2,cosine,0,0,0,0.3136,55
paris_bovw_k1000_comparison.csv,paris_bovw_k1000,none,cosine,0,0,0,0.3097,55
bovw_k512_comparison.csv,bovw_k512,l2,chi2,0,0,0,0.295,55
bovw_k2048_comparison.csv,bovw_k2048,none,cosine,0,0,0,0.2948,55
bovw_k2048_best_comparison.csv,bovw_k2048_best,l2,cosine,0,0,0,0.2948,55
vlad_k32_qe50_comparison.csv,vlad_k32_qe50,none,cosine,50,0,0,0.2887,55
bovw_k256_comparison.csv,bovw_k256,l2,chi2,0,0,0,0.2881,55
bovw_k1000_comparison.csv,bovw_k1000,none,intersection,0,0,0,0.2871,55
paris_bovw_k512_comparison.csv,paris_bovw_k512,l2,chi2,0,0,0,0.2851,55
bovw_k1000_best_comparison.csv,bovw_k1000_best,l2,cosine,0,0,0,0.2783,55
paris_bovw_k256_comparison.csv,paris_bovw_k256,l2,chi2,0,0,0,0.2675,55
bovw_k128_comparison.csv,bovw_k128,l2,chi2,0,0,0,0.2612,55
bovw_k512_best_comparison.csv,bovw_k512_best,l2,cosine,0,0,0,0.2541,55
paris_bovw_k128_comparison.csv,paris_bovw_k128,l2,chi2,0,0,0,0.2527,55
bovw_k256_best_comparison.csv,bovw_k256_best,l2,cosine,0,0,0,0.2434,55
bovw_k128_best_comparison.csv,bovw_k128_best,l2,cosine,0,0,0,0.226,55
combined_pca512_w0.5_comparison.csv,combined_pca512_w0.5,l2,cosine,0,0,0,0.1644,55
combined_pca256_w0.5_comparison.csv,combined_pca256_w0.5,l2,cosine,0,0,0,0.157,55
combined_pca512_w0.25_comparison.csv,combined_pca512_w0.25,l2,cosine,0,0,0,0.1554,55
paris_hog_comparison.csv,paris_hog,l2,chi2,0,0,0,0.1504,55
hog_comparison.csv,hog,l2,chi2,0,0,0,0.1467,55
gist_comparison.csv,gist,l2,chi2,0,0,0,0.1427,55
combined_pca256_w0.25_comparison.csv,combined_pca256_w0.25,l2,cosine,0,0,0,0.1411,55
paris_combined_pca512_w0.5_comparison.csv,paris_combined_pca512_w0.5,l2,cosine,0,0,0,0.1409,55
paris_combined_pca256_w0.5_comparison.csv,paris_combined_pca256_w0.5,l2,cosine,0,0,0,0.1354,55
paris_combined_pca512_w0.25_comparison.csv,paris_combined_pca512_w0.25,l2,cosine,0,0,0,0.1338,55
paris_gist_comparison.csv,paris_gist,l2,chi2,0,0,0,0.1338,55
combined_pca128_w0.5_comparison.csv,combined_pca128_w0.5,l2,cosine,0,0,0,0.133,55
combined_pca0_w0_comparison.csv,combined_pca0_w0,l2,cosine,0,0,0,0.1303,55
combined_pca128_w0.25_comparison.csv,combined_pca128_w0.25,l2,cosine,0,0,0,0.128,55
paris_combined_pca256_w0.25_comparison.csv,paris_combined_pca256_w0.25,l2,cosine,0,0,0,0.1263,55
combined_pca512_w0_comparison.csv,combined_pca512_w0,l2,cosine,0,0,0,0.1262,55
paris_combined_pca128_w0.5_comparison.csv,paris_combined_pca128_w0.5,l2,cosine,0,0,0,0.1256,55
combined_pca256_w0_comparison.csv,combined_pca256_w0,l2,cosine,0,0,0,0.1227,55
combined_pca128_w0_comparison.csv,combined_pca128_w0,l2,cosine,0,0,0,0.1196,55
paris_combined_pca128_w0.25_comparison.csv,paris_combined_pca128_w0.25,l2,cosine,0,0,0,0.1179,55
paris_combined_pca512_w0_comparison.csv,paris_combined_pca512_w0,l2,cosine,0,0,0,0.1088,55
paris_combined_pca256_w0_comparison.csv,paris_combined_pca256_w0,l2,cosine,0,0,0,0.1074,55
lbp_comparison.csv,lbp,l2,chi2,0,0,0,0.1072,55
paris_combined_pca0_w0_comparison.csv,paris_combined_pca0_w0,l2,cosine,0,0,0,0.1058,55
color_comparison.csv,color,l2,hellinger,0,0,0,0.1049,55
paris_combined_pca128_w0_comparison.csv,paris_combined_pca128_w0,l2,cosine,0,0,0,0.1045,55
color_qualitative_comparison.csv,color_qualitative,l2,cosine,0,0,0,0.0945,55
paris_color_comparison.csv,paris_color,l2,hellinger,0,0,0,0.0913,55
paris_lbp_comparison.csv,paris_lbp,l2,chi2,0,0,0,0.0847,55
